{"timestamps": [1501766835.13585, 1501766835.139903, 1501766835.143659, 1501766835.14428, 1501766835.144881, 1501766835.145473, 1501766835.145713, 1501766835.145946, 1501766835.147539, 1501766835.149277, 1501766835.14965, 1501766835.149882, 1501766835.150106, 1501766835.150521, 1501766835.151106, 1501766835.151907, 1501766835.152227, 1501766835.152583, 1501766835.152862, 1501766835.153156, 1501766835.153885, 1501766835.154122, 1501766835.154918, 1501766835.156474, 1501766835.156873, 1501766835.157246, 1501766835.158284, 1501766835.159632, 1501766835.161722, 1501766835.162046, 1501766835.162283, 1501766835.162596, 1501766835.162909, 1501766835.163489, 1501766835.163764, 1501766835.164012, 1501766835.164348, 1501766835.164598, 1501766835.165409, 1501766835.16574, 1501766835.166045, 1501766835.166337, 1501766835.166561, 1501766835.167087, 1501766835.167343, 1501766835.167476, 1501766835.167735, 1501766835.167948, 1501766835.1682, 1501766835.16849, 1501766835.169211, 1501766835.170173, 1501766835.17088, 1501766835.171345, 1501766835.172036, 1501766835.172333, 1501766835.173134, 1501766835.173505, 1501766835.173871, 1501766835.174147, 1501766835.174416, 1501766835.174714, 1501766835.175686, 1501766835.176232, 1501766835.17748, 1501766835.179921, 1501766835.180636, 1501766835.181166, 1501766835.181616, 1501766835.182144, 1501766835.182676, 1501766835.183016, 1501766835.183267, 1501766835.183696, 1501766835.184757, 1501766835.185015, 1501766835.18553, 1501766835.185828, 1501766835.186276, 1501766835.187506, 1501766835.187764, 1501766835.187997, 1501766835.188227, 1501766835.188466, 1501766835.189536, 1501766835.189776, 1501766835.191161, 1501766835.192242, 1501766835.193819, 1501766835.19426, 1501766835.194829, 1501766835.195347, 1501766835.195637, 1501766835.195993, 1501766835.196848, 1501766835.197588, 1501766835.197976, 1501766835.198285, 1501766835.198521, 1501766835.199251], "initial_reset_timestamp": 1501766835.133828, "episode_types": ["t", "t", "t", "t", "t", "t", "t", "t", "t", "t", "t", "t", "t", "t", "t", "t", "t", "t", "t", "t", "t", "t", "t", "t", "t", "t", "t", "t", "t", "t", "t", "t", "t", "t", "t", "t", "t", "t", "t", "t", "t", "t", "t", "t", "t", "t", "t", "t", "t", "t", "t", "t", "t", "t", "t", "t", "t", "t", "t", "t", "t", "t", "t", "t", "t", "t", "t", "t", "t", "t", "t", "t", "t", "t", "t", "t", "t", "t", "t", "t", "t", "t", "t", "t", "t", "t", "t", "t", "t", "t", "t", "t", "t", "t", "t", "t", "t", "t", "t", "t"], "episode_lengths": [2, 10, 43, 7, 7, 7, 2, 2, 3, 9, 3, 2, 2, 5, 6, 9, 3, 3, 2, 3, 8, 2, 8, 17, 2, 2, 12, 2, 15, 3, 2, 3, 2, 7, 2, 2, 3, 2, 9, 3, 3, 3, 2, 8, 5, 2, 5, 4, 5, 6, 17, 15, 8, 5, 7, 2, 10, 3, 3, 2, 2, 2, 11, 6, 2, 20, 8, 6, 5, 6, 6, 3, 2, 5, 14, 2, 6, 6, 10, 16, 2, 2, 2, 2, 14, 2, 17, 12, 17, 3, 5, 5, 2, 3, 10, 9, 4, 3, 2, 9], "episode_rewards": [0.0, 0.0, 0.0, 0.0, 0.0, 0.0, 0.0, 0.0, 0.0, 0.0, 0.0, 0.0, 0.0, 0.0, 0.0, 0.0, 0.0, 0.0, 0.0, 0.0, 0.0, 0.0, 0.0, 0.0, 0.0, 0.0, 0.0, 0.0, 0.0, 0.0, 0.0, 0.0, 0.0, 0.0, 0.0, 0.0, 0.0, 0.0, 0.0, 0.0, 0.0, 0.0, 0.0, 0.0, 0.0, 0.0, 0.0, 0.0, 0.0, 0.0, 0.0, 0.0, 0.0, 0.0, 0.0, 0.0, 0.0, 0.0, 0.0, 0.0, 0.0, 0.0, 0.0, 0.0, 0.0, 0.0, 0.0, 0.0, 0.0, 0.0, 0.0, 0.0, 0.0, 0.0, 0.0, 0.0, 0.0, 0.0, 0.0, 0.0, 0.0, 0.0, 0.0, 0.0, 0.0, 0.0, 0.0, 0.0, 0.0, 0.0, 0.0, 0.0, 0.0, 0.0, 0.0, 0.0, 0.0, 0.0, 0.0, 0.0]}