{"timestamps": [1501766888.705789, 1501766888.708575, 1501766888.710038, 1501766888.710259, 1501766888.710527, 1501766888.711016, 1501766888.712113, 1501766888.712449, 1501766888.715562, 1501766888.718034, 1501766888.718708, 1501766888.72005, 1501766888.720627, 1501766888.721142, 1501766888.722534, 1501766888.723083, 1501766888.724761, 1501766888.725386, 1501766888.726126, 1501766888.726368, 1501766888.726809, 1501766888.727791, 1501766888.728083, 1501766888.728805, 1501766888.729272, 1501766888.729758, 1501766888.730382, 1501766888.740196, 1501766888.742861, 1501766888.743732, 1501766888.743983, 1501766888.744592, 1501766888.744828, 1501766888.746265, 1501766888.746651, 1501766888.747259, 1501766888.747974, 1501766888.748497, 1501766888.748977, 1501766888.749681, 1501766888.750854, 1501766888.752086, 1501766888.752799, 1501766888.753611, 1501766888.754036, 1501766888.754706, 1501766888.755474, 1501766888.756982, 1501766888.757811, 1501766888.758168, 1501766888.759086, 1501766888.759857, 1501766888.760232, 1501766888.760559, 1501766888.76077, 1501766888.761545, 1501766888.761877, 1501766888.763139, 1501766888.763707, 1501766888.763935, 1501766888.764184, 1501766888.764764, 1501766888.764986, 1501766888.765273, 1501766888.767385, 1501766888.769289, 1501766888.77056, 1501766888.771437, 1501766888.771903, 1501766888.772291, 1501766888.772676, 1501766888.773271, 1501766888.7746, 1501766888.775227, 1501766888.77563, 1501766888.776081, 1501766888.776619, 1501766888.777242, 1501766888.777495, 1501766888.778423, 1501766888.779291, 1501766888.779893, 1501766888.781028, 1501766888.781317, 1501766888.781899, 1501766888.782348, 1501766888.78298, 1501766888.783593, 1501766888.78391, 1501766888.784208, 1501766888.784996, 1501766888.785329, 1501766888.785725, 1501766888.785941, 1501766888.786507, 1501766888.787104, 1501766888.787496, 1501766888.788027, 1501766888.788624, 1501766888.788938], "initial_reset_timestamp": 1501766888.703023, "episode_types": ["t", "t", "t", "t", "t", "t", "t", "t", "t", "t", "t", "t", "t", "t", "t", "t", "t", "t", "t", "t", "t", "t", "t", "t", "t", "t", "t", "t", "t", "t", "t", "t", "t", "t", "t", "t", "t", "t", "t", "t", "t", "t", "t", "t", "t", "t", "t", "t", "t", "t", "t", "t", "t", "t", "t", "t", "t", "t", "t", "t", "t", "t", "t", "t", "t", "t", "t", "t", "t", "t", "t", "t", "t", "t", "t", "t", "t", "t", "t", "t", "t", "t", "t", "t", "t", "t", "t", "t", "t", "t", "t", "t", "t", "t", "t", "t", "t", "t", "t", "t"], "episode_lengths": [2, 3, 7, 2, 3, 6, 16, 3, 9, 18, 8, 18, 7, 6, 19, 6, 22, 7, 9, 2, 5, 14, 3, 10, 6, 5, 7, 22, 10, 10, 2, 7, 2, 18, 4, 6, 7, 5, 4, 8, 14, 16, 10, 12, 5, 10, 9, 20, 11, 3, 11, 10, 4, 3, 2, 12, 4, 18, 6, 2, 2, 7, 2, 3, 5, 5, 11, 7, 4, 3, 4, 7, 17, 6, 4, 5, 6, 7, 2, 11, 11, 6, 13, 3, 6, 6, 8, 7, 3, 3, 9, 3, 5, 2, 7, 7, 4, 6, 6, 3], "episode_rewards": [0.0, 0.0, 0.0, 0.0, 0.0, 0.0, 0.0, 0.0, 0.0, 0.0, 0.0, 0.0, 0.0, 0.0, 0.0, 0.0, 0.0, 0.0, 0.0, 0.0, 0.0, 0.0, 0.0, 0.0, 0.0, 0.0, 0.0, 0.0, 0.0, 0.0, 0.0, 0.0, 0.0, 1.0, 0.0, 0.0, 0.0, 0.0, 0.0, 0.0, 0.0, 0.0, 0.0, 1.0, 0.0, 0.0, 0.0, 0.0, 0.0, 0.0, 0.0, 1.0, 0.0, 0.0, 0.0, 0.0, 0.0, 1.0, 0.0, 0.0, 0.0, 0.0, 0.0, 0.0, 0.0, 0.0, 0.0, 0.0, 0.0, 0.0, 0.0, 0.0, 0.0, 0.0, 0.0, 0.0, 0.0, 0.0, 0.0, 0.0, 0.0, 0.0, 0.0, 0.0, 0.0, 0.0, 0.0, 0.0, 0.0, 0.0, 0.0, 0.0, 0.0, 0.0, 0.0, 0.0, 0.0, 0.0, 0.0, 0.0]}