{"timestamps": [1501766728.640892, 1501766728.643166, 1501766728.645672, 1501766728.645961, 1501766728.646601, 1501766728.647021, 1501766728.64735, 1501766728.647723, 1501766728.650406, 1501766728.653236, 1501766728.653605, 1501766728.653993, 1501766728.65516, 1501766728.65574, 1501766728.655994, 1501766728.656397, 1501766728.657548, 1501766728.658032, 1501766728.658786, 1501766728.65974, 1501766728.660197, 1501766728.660535, 1501766728.661105, 1501766728.661432, 1501766728.661835, 1501766728.662251, 1501766728.662623, 1501766728.665221, 1501766728.666709, 1501766728.667002, 1501766728.66742, 1501766728.667682, 1501766728.669163, 1501766728.669982, 1501766728.670911, 1501766728.671275, 1501766728.671766, 1501766728.67378, 1501766728.674368, 1501766728.674712, 1501766728.675772, 1501766728.676881, 1501766728.677539, 1501766728.678184, 1501766728.678923, 1501766728.680811, 1501766728.681195, 1501766728.682191, 1501766728.682561, 1501766728.683593, 1501766728.684173, 1501766728.68472, 1501766728.685901, 1501766728.686168, 1501766728.686459, 1501766728.68703, 1501766728.68768, 1501766728.688556, 1501766728.688954, 1501766728.689356, 1501766728.690151, 1501766728.691048, 1501766728.691401, 1501766728.691875, 1501766728.694336, 1501766728.696205, 1501766728.696784, 1501766728.697281, 1501766728.697896, 1501766728.698158, 1501766728.698397, 1501766728.699305, 1501766728.699944, 1501766728.700629, 1501766728.700895, 1501766728.701684, 1501766728.702612, 1501766728.702915, 1501766728.703386, 1501766728.704104, 1501766728.704679, 1501766728.705135, 1501766728.706141, 1501766728.706961, 1501766728.707763, 1501766728.708601, 1501766728.709016, 1501766728.709321, 1501766728.709809, 1501766728.71014, 1501766728.710522, 1501766728.710923, 1501766728.711345, 1501766728.711688, 1501766728.712396, 1501766728.712715, 1501766728.713051, 1501766728.714088, 1501766728.714349, 1501766728.714698], "initial_reset_timestamp": 1501766728.63791, "episode_types": ["t", "t", "t", "t", "t", "t", "t", "t", "t", "t", "t", "t", "t", "t", "t", "t", "t", "t", "t", "t", "t", "t", "t", "t", "t", "t", "t", "t", "t", "t", "t", "t", "t", "t", "t", "t", "t", "t", "t", "t", "t", "t", "t", "t", "t", "t", "t", "t", "t", "t", "t", "t", "t", "t", "t", "t", "t", "t", "t", "t", "t", "t", "t", "t", "t", "t", "t", "t", "t", "t", "t", "t", "t", "t", "t", "t", "t", "t", "t", "t", "t", "t", "t", "t", "t", "t", "t", "t", "t", "t", "t", "t", "t", "t", "t", "t", "t", "t", "t", "t"], "episode_lengths": [9, 8, 21, 2, 5, 4, 3, 3, 4, 12, 2, 3, 12, 6, 2, 4, 14, 5, 8, 11, 4, 3, 6, 3, 4, 4, 3, 7, 4, 2, 4, 2, 17, 10, 10, 3, 5, 23, 6, 3, 12, 11, 6, 4, 4, 20, 2, 10, 3, 12, 7, 7, 14, 2, 2, 6, 7, 10, 4, 4, 9, 10, 3, 5, 6, 8, 6, 5, 6, 2, 2, 10, 7, 8, 2, 9, 10, 2, 5, 8, 6, 3, 10, 6, 7, 8, 3, 2, 4, 2, 2, 2, 4, 3, 8, 3, 3, 12, 2, 3], "episode_rewards": [0.0, 0.0, 0.0, 0.0, 0.0, 0.0, 0.0, 0.0, 0.0, 0.0, 0.0, 0.0, 0.0, 0.0, 0.0, 0.0, 0.0, 0.0, 0.0, 0.0, 0.0, 0.0, 0.0, 0.0, 0.0, 0.0, 0.0, 0.0, 0.0, 0.0, 0.0, 0.0, 0.0, 0.0, 0.0, 0.0, 0.0, 0.0, 0.0, 0.0, 0.0, 0.0, 0.0, 0.0, 0.0, 0.0, 0.0, 0.0, 0.0, 0.0, 0.0, 0.0, 0.0, 0.0, 0.0, 0.0, 0.0, 0.0, 0.0, 0.0, 0.0, 0.0, 0.0, 0.0, 0.0, 0.0, 0.0, 0.0, 0.0, 0.0, 0.0, 0.0, 0.0, 0.0, 0.0, 0.0, 0.0, 0.0, 0.0, 0.0, 0.0, 0.0, 0.0, 0.0, 0.0, 0.0, 0.0, 0.0, 0.0, 0.0, 0.0, 0.0, 0.0, 0.0, 0.0, 0.0, 0.0, 0.0, 0.0, 0.0]}