{"timestamps": [1501766697.339813, 1501766697.350447, 1501766697.352783, 1501766697.355486, 1501766697.361006, 1501766697.363219, 1501766697.366187, 1501766697.367588, 1501766697.371216, 1501766697.37887, 1501766697.380308, 1501766697.38221, 1501766697.383403, 1501766697.385696, 1501766697.386322, 1501766697.3868, 1501766697.392027, 1501766697.394456, 1501766697.397899, 1501766697.398607, 1501766697.400553, 1501766697.401652, 1501766697.402889, 1501766697.405873, 1501766697.407112, 1501766697.408505, 1501766697.409783, 1501766697.420979, 1501766697.424316, 1501766697.4249, 1501766697.42538, 1501766697.432507, 1501766697.434281, 1501766697.436286, 1501766697.43828, 1501766697.439409, 1501766697.442473, 1501766697.443948, 1501766697.444698, 1501766697.445569, 1501766697.44709, 1501766697.452358, 1501766697.454636, 1501766697.455424, 1501766697.45657, 1501766697.461931, 1501766697.463811, 1501766697.465848, 1501766697.470187, 1501766697.472412, 1501766697.47395, 1501766697.475306, 1501766697.475926, 1501766697.477105, 1501766697.478617, 1501766697.480746, 1501766697.484377, 1501766697.488665, 1501766697.491209, 1501766697.492007, 1501766697.494187, 1501766697.49808, 1501766697.500581, 1501766697.503181, 1501766697.509362, 1501766697.514019, 1501766697.51845, 1501766697.520267, 1501766697.523552, 1501766697.524485, 1501766697.525651, 1501766697.530502, 1501766697.532716, 1501766697.53574, 1501766697.540087, 1501766697.542484, 1501766697.543541, 1501766697.545487, 1501766697.547287, 1501766697.550196, 1501766697.550834, 1501766697.552437, 1501766697.559448, 1501766697.5604, 1501766697.562559, 1501766697.566946, 1501766697.572803, 1501766697.574906, 1501766697.579901, 1501766697.58333, 1501766697.586557, 1501766697.594954, 1501766697.597175, 1501766697.598437, 1501766697.599324, 1501766697.601236, 1501766697.602184, 1501766697.604696, 1501766697.607038, 1501766697.607685], "initial_reset_timestamp": 1501766697.331251, "episode_types": ["t", "t", "t", "t", "t", "t", "t", "t", "t", "t", "t", "t", "t", "t", "t", "t", "t", "t", "t", "t", "t", "t", "t", "t", "t", "t", "t", "t", "t", "t", "t", "t", "t", "t", "t", "t", "t", "t", "t", "t", "t", "t", "t", "t", "t", "t", "t", "t", "t", "t", "t", "t", "t", "t", "t", "t", "t", "t", "t", "t", "t", "t", "t", "t", "t", "t", "t", "t", "t", "t", "t", "t", "t", "t", "t", "t", "t", "t", "t", "t", "t", "t", "t", "t", "t", "t", "t", "t", "t", "t", "t", "t", "t", "t", "t", "t", "t", "t", "t", "t"], "episode_lengths": [33, 24, 7, 35, 65, 25, 40, 20, 10, 78, 12, 21, 15, 39, 13, 9, 70, 26, 39, 9, 43, 19, 15, 39, 15, 17, 16, 44, 11, 6, 5, 100, 32, 25, 26, 13, 40, 17, 8, 10, 16, 63, 29, 9, 14, 72, 23, 26, 59, 28, 19, 14, 6, 12, 16, 24, 47, 55, 32, 9, 29, 51, 31, 29, 14, 50, 69, 22, 42, 10, 15, 66, 29, 37, 56, 31, 12, 24, 22, 37, 7, 20, 91, 11, 27, 56, 74, 24, 63, 39, 33, 97, 27, 15, 10, 23, 11, 32, 29, 7], "episode_rewards": [1.0, 1.0, 0.0, 1.0, 0.0, 0.0, 0.0, 0.0, 0.0, 0.0, 0.0, 0.0, 0.0, 0.0, 1.0, 1.0, 0.0, 1.0, 0.0, 1.0, 0.0, 0.0, 0.0, 0.0, 0.0, 0.0, 0.0, 0.0, 1.0, 0.0, 0.0, 0.0, 0.0, 0.0, 0.0, 0.0, 1.0, 0.0, 0.0, 0.0, 1.0, 0.0, 0.0, 0.0, 0.0, 1.0, 0.0, 1.0, 0.0, 0.0, 0.0, 0.0, 0.0, 0.0, 0.0, 0.0, 0.0, 0.0, 0.0, 0.0, 1.0, 0.0, 0.0, 0.0, 0.0, 0.0, 0.0, 0.0, 0.0, 0.0, 0.0, 0.0, 0.0, 0.0, 0.0, 0.0, 0.0, 1.0, 0.0, 0.0, 0.0, 0.0, 1.0, 0.0, 0.0, 0.0, 0.0, 1.0, 0.0, 0.0, 0.0, 0.0, 0.0, 0.0, 0.0, 0.0, 1.0, 0.0, 1.0, 1.0]}