{"timestamps": [1501623817.572875, 1501623820.601026, 1501623823.799906, 1501623827.00845, 1501623830.364725, 1501623837.402432, 1501623840.634119, 1501623843.720801, 1501623846.703161, 1501623849.852582, 1501623852.958419, 1501623855.960198, 1501623858.88756, 1501623861.890018, 1501623864.862661, 1501623867.905812, 1501623870.989781, 1501623874.025979, 1501623876.916335, 1501623879.93072, 1501623882.925803, 1501623885.845485, 1501623889.132737, 1501623892.492296, 1501623899.449193, 1501623902.583407, 1501623905.643608, 1501623908.723966, 1501623911.906703, 1501623914.87786, 1501623917.790312, 1501623920.686957, 1501623923.616282, 1501623926.194268, 1501623929.158477, 1501623932.108185, 1501623935.347975, 1501623938.558589, 1501623941.110256, 1501623944.118824, 1501623946.851244, 1501623950.396985, 1501623953.075964, 1501623956.2414, 1501623959.418596, 1501623962.448614, 1501623965.440523, 1501623968.44095, 1501623970.899187, 1501623974.03601, 1501623976.913762, 1501623979.881271, 1501623982.262255, 1501623985.359093, 1501623988.668233, 1501623991.701091, 1501623994.15819, 1501623996.696793, 1501623999.348776, 1501624002.549848, 1501624005.224847, 1501624012.348543, 1501624016.389145, 1501624019.629961, 1501624022.784517, 1501624025.407696, 1501624029.326415, 1501624031.961205, 1501624034.367933, 1501624037.925166, 1501624040.671824, 1501624043.797556, 1501624046.906972, 1501624049.312227, 1501624052.5005, 1501624055.29529, 1501624058.442589, 1501624061.076072, 1501624064.062616, 1501624066.089004, 1501624068.950879, 1501624072.054647, 1501624075.251319, 1501624079.510396, 1501624083.541532, 1501624086.569826, 1501624090.040062, 1501624092.602537, 1501624095.255449, 1501624098.454052, 1501624101.242988, 1501624103.499325, 1501624106.227961, 1501624108.976917, 1501624112.491523, 1501624115.272606, 1501624117.7469, 1501624120.301603, 1501624123.708906, 1501624126.360335], "initial_reset_timestamp": 1501623813.772571, "episode_types": ["t", "t", "t", "t", "t", "t", "t", "t", "t", "t", "t", "t", "t", "t", "t", "t", "t", "t", "t", "t", "t", "t", "t", "t", "t", "t", "t", "t", "t", "t", "t", "t", "t", "t", "t", "t", "t", "t", "t", "t", "t", "t", "t", "t", "t", "t", "t", "t", "t", "t", "t", "t", "t", "t", "t", "t", "t", "t", "t", "t", "t", "t", "t", "t", "t", "t", "t", "t", "t", "t", "t", "t", "t", "t", "t", "t", "t", "t", "t", "t", "t", "t", "t", "t", "t", "t", "t", "t", "t", "t", "t", "t", "t", "t", "t", "t", "t", "t", "t", "t", "t", "t", "t"], "episode_lengths": [200, 200, 200, 200, 200, 200, 200, 200, 200, 200, 200, 200, 200, 200, 200, 200, 200, 200, 200, 200, 200, 200, 200, 200, 200, 200, 200, 200, 200, 200, 200, 200, 200, 172, 200, 200, 200, 200, 176, 200, 178, 200, 174, 200, 200, 200, 200, 200, 167, 200, 200, 200, 159, 200, 200, 200, 157, 159, 166, 200, 170, 199, 200, 160, 156, 130, 200, 161, 129, 200, 161, 155, 153, 153, 186, 156, 186, 150, 162, 121, 158, 158, 161, 178, 200, 158, 168, 122, 141, 171, 163, 123, 160, 151, 200, 161, 147, 144, 190, 156], "episode_rewards": [-200.0, -200.0, -200.0, -200.0, -200.0, -200.0, -200.0, -200.0, -200.0, -200.0, -200.0, -200.0, -200.0, -200.0, -200.0, -200.0, -200.0, -200.0, -200.0, -200.0, -200.0, -200.0, -200.0, -200.0, -200.0, -200.0, -200.0, -200.0, -200.0, -200.0, -200.0, -200.0, -200.0, -172.0, -200.0, -200.0, -200.0, -200.0, -176.0, -200.0, -178.0, -200.0, -174.0, -200.0, -200.0, -200.0, -200.0, -200.0, -167.0, -200.0, -200.0, -200.0, -159.0, -200.0, -200.0, -200.0, -157.0, -159.0, -166.0, -200.0, -170.0, -199.0, -200.0, -160.0, -156.0, -130.0, -200.0, -161.0, -129.0, -200.0, -161.0, -155.0, -153.0, -153.0, -186.0, -156.0, -186.0, -150.0, -162.0, -121.0, -158.0, -158.0, -161.0, -178.0, -200.0, -158.0, -168.0, -122.0, -141.0, -171.0, -163.0, -123.0, -160.0, -151.0, -200.0, -161.0, -147.0, -144.0, -190.0, -156.0]}