{"timestamps": [1501766810.353893, 1501766810.359837, 1501766810.361367, 1501766810.362013, 1501766810.36527, 1501766810.366803, 1501766810.367305, 1501766810.367805, 1501766810.369501, 1501766810.371868, 1501766810.37234, 1501766810.3728, 1501766810.373227, 1501766810.374181, 1501766810.374933, 1501766810.37596, 1501766810.376814, 1501766810.378279, 1501766810.379261, 1501766810.37971, 1501766810.381187, 1501766810.381509, 1501766810.383002, 1501766810.383334, 1501766810.384081, 1501766810.386152, 1501766810.387642, 1501766810.392464, 1501766810.394056, 1501766810.394385, 1501766810.395311, 1501766810.396682, 1501766810.398234, 1501766810.399296, 1501766810.399758, 1501766810.400799, 1501766810.401474, 1501766810.401943, 1501766810.40245, 1501766810.403075, 1501766810.404095, 1501766810.404971, 1501766810.405885, 1501766810.407411, 1501766810.409562, 1501766810.411645, 1501766810.412492, 1501766810.41321, 1501766810.415556, 1501766810.416095, 1501766810.418195, 1501766810.419898, 1501766810.427026, 1501766810.427811, 1501766810.428297, 1501766810.429218, 1501766810.429667, 1501766810.430906, 1501766810.432216, 1501766810.432562, 1501766810.433304, 1501766810.433802, 1501766810.434912, 1501766810.435358, 1501766810.43933, 1501766810.441295, 1501766810.441713, 1501766810.442583, 1501766810.446811, 1501766810.447946, 1501766810.450266, 1501766810.45141, 1501766810.451695, 1501766810.453946, 1501766810.45479, 1501766810.456005, 1501766810.456554, 1501766810.457628, 1501766810.458399, 1501766810.460048, 1501766810.461077, 1501766810.462249, 1501766810.464936, 1501766810.465454, 1501766810.46752, 1501766810.468388, 1501766810.469648, 1501766810.470161, 1501766810.470546, 1501766810.470961, 1501766810.472611, 1501766810.473303, 1501766810.473819, 1501766810.478055, 1501766810.479415, 1501766810.480754, 1501766810.483926, 1501766810.487354, 1501766810.488363, 1501766810.495008], "initial_reset_timestamp": 1501766810.350512, "episode_types": ["t", "t", "t", "t", "t", "t", "t", "t", "t", "t", "t", "t", "t", "t", "t", "t", "t", "t", "t", "t", "t", "t", "t", "t", "t", "t", "t", "t", "t", "t", "t", "t", "t", "t", "t", "t", "t", "t", "t", "t", "t", "t", "t", "t", "t", "t", "t", "t", "t", "t", "t", "t", "t", "t", "t", "t", "t", "t", "t", "t", "t", "t", "t", "t", "t", "t", "t", "t", "t", "t", "t", "t", "t", "t", "t", "t", "t", "t", "t", "t", "t", "t", "t", "t", "t", "t", "t", "t", "t", "t", "t", "t", "t", "t", "t", "t", "t", "t", "t", "t"], "episode_lengths": [10, 21, 6, 8, 60, 29, 7, 7, 4, 18, 5, 5, 4, 13, 9, 17, 11, 19, 11, 5, 22, 4, 24, 3, 9, 28, 17, 9, 5, 3, 12, 18, 20, 17, 10, 16, 8, 5, 6, 7, 13, 10, 11, 20, 29, 23, 12, 7, 28, 6, 31, 22, 96, 7, 7, 20, 9, 17, 20, 7, 13, 6, 14, 5, 13, 7, 4, 10, 51, 11, 33, 16, 3, 36, 13, 16, 6, 15, 10, 26, 14, 14, 31, 3, 23, 11, 17, 6, 4, 3, 22, 7, 6, 59, 21, 19, 49, 53, 13, 98], "episode_rewards": [1.0, 0.0, 0.0, 0.0, 0.0, 0.0, 0.0, 1.0, 0.0, 0.0, 0.0, 0.0, 0.0, 0.0, 0.0, 1.0, 1.0, 0.0, 0.0, 0.0, 1.0, 0.0, 0.0, 0.0, 0.0, 0.0, 0.0, 0.0, 0.0, 0.0, 0.0, 0.0, 0.0, 0.0, 0.0, 1.0, 0.0, 0.0, 1.0, 0.0, 0.0, 0.0, 0.0, 0.0, 0.0, 0.0, 0.0, 0.0, 0.0, 0.0, 0.0, 0.0, 0.0, 0.0, 0.0, 0.0, 0.0, 1.0, 0.0, 0.0, 0.0, 0.0, 0.0, 0.0, 0.0, 0.0, 0.0, 0.0, 1.0, 0.0, 0.0, 0.0, 0.0, 0.0, 0.0, 0.0, 0.0, 0.0, 0.0, 1.0, 0.0, 0.0, 0.0, 0.0, 0.0, 0.0, 0.0, 0.0, 0.0, 0.0, 0.0, 0.0, 0.0, 0.0, 0.0, 1.0, 0.0, 0.0, 0.0, 0.0]}