{"timestamps": [1501764959.850612, 1501764959.853132, 1501764959.854425, 1501764959.855036, 1501764959.855227, 1501764959.856208, 1501764959.856902, 1501764959.857474, 1501764959.864399, 1501764959.8659, 1501764959.866247, 1501764959.866548, 1501764959.867469, 1501764959.867847, 1501764959.868255, 1501764959.86858, 1501764959.869392, 1501764959.869724, 1501764959.87009, 1501764959.871421, 1501764959.87165, 1501764959.871986, 1501764959.873226, 1501764959.874286, 1501764959.876373, 1501764959.876694, 1501764959.877396, 1501764959.881101, 1501764959.882547, 1501764959.883004, 1501764959.883357, 1501764959.883834, 1501764959.884211, 1501764959.884373, 1501764959.88494, 1501764959.885572, 1501764959.885751, 1501764959.886044, 1501764959.887743, 1501764959.888052, 1501764959.889596, 1501764959.889822, 1501764959.891187, 1501764959.892206, 1501764959.893067, 1501764959.89395, 1501764959.894532, 1501764959.895114, 1501764959.897198, 1501764959.898651, 1501764959.899344, 1501764959.899518, 1501764959.899804, 1501764959.900208, 1501764959.900698, 1501764959.901007, 1501764959.901538, 1501764959.902412, 1501764959.903284, 1501764959.904511, 1501764959.905546, 1501764959.905722, 1501764959.906095, 1501764959.906505, 1501764959.907849, 1501764959.908719, 1501764959.909169, 1501764959.909346, 1501764959.909841, 1501764959.910215, 1501764959.910551, 1501764959.910961, 1501764959.911651, 1501764959.9122, 1501764959.912819, 1501764959.913508, 1501764959.913839, 1501764959.914138, 1501764959.914615, 1501764959.915739, 1501764959.91696, 1501764959.917376, 1501764959.918067, 1501764959.918438, 1501764959.919, 1501764959.919411, 1501764959.919745, 1501764959.920077, 1501764959.920307, 1501764959.920574, 1501764959.922185, 1501764959.923636, 1501764959.924164, 1501764959.924456, 1501764959.925277, 1501764959.926862, 1501764959.927336, 1501764959.927673, 1501764959.928123, 1501764959.929159], "initial_reset_timestamp": 1501764959.846899, "episode_types": ["t", "t", "t", "t", "t", "t", "t", "t", "t", "t", "t", "t", "t", "t", "t", "t", "t", "t", "t", "t", "t", "t", "t", "t", "t", "t", "t", "t", "t", "t", "t", "t", "t", "t", "t", "t", "t", "t", "t", "t", "t", "t", "t", "t", "t", "t", "t", "t", "t", "t", "t", "t", "t", "t", "t", "t", "t", "t", "t", "t", "t", "t", "t", "t", "t", "t", "t", "t", "t", "t", "t", "t", "t", "t", "t", "t", "t", "t", "t", "t", "t", "t", "t", "t", "t", "t", "t", "t", "t", "t", "t", "t", "t", "t", "t", "t", "t", "t", "t", "t"], "episode_lengths": [21, 7, 8, 12, 3, 20, 7, 11, 27, 13, 8, 7, 23, 9, 10, 6, 14, 4, 7, 34, 5, 8, 32, 16, 37, 5, 15, 20, 13, 10, 3, 7, 9, 3, 14, 14, 3, 6, 40, 7, 42, 5, 31, 24, 10, 17, 11, 8, 32, 22, 12, 3, 6, 9, 11, 6, 12, 20, 11, 29, 26, 3, 8, 9, 5, 7, 11, 3, 11, 8, 7, 7, 13, 9, 16, 18, 8, 7, 12, 29, 30, 9, 16, 8, 12, 10, 8, 8, 5, 6, 32, 33, 11, 3, 12, 26, 11, 8, 9, 19], "episode_rewards": [0.0, 0.0, 0.0, 0.0, 0.0, 0.0, 0.0, 0.0, 0.0, 0.0, 0.0, 0.0, 0.0, 0.0, 0.0, 0.0, 0.0, 0.0, 0.0, 1.0, 0.0, 0.0, 0.0, 0.0, 0.0, 0.0, 0.0, 0.0, 0.0, 0.0, 0.0, 0.0, 0.0, 0.0, 1.0, 0.0, 0.0, 0.0, 0.0, 0.0, 0.0, 0.0, 0.0, 0.0, 0.0, 0.0, 0.0, 1.0, 0.0, 0.0, 0.0, 0.0, 0.0, 0.0, 0.0, 0.0, 0.0, 0.0, 0.0, 0.0, 0.0, 0.0, 0.0, 0.0, 0.0, 0.0, 0.0, 0.0, 0.0, 0.0, 0.0, 1.0, 0.0, 0.0, 0.0, 0.0, 0.0, 0.0, 0.0, 0.0, 0.0, 0.0, 0.0, 0.0, 0.0, 0.0, 0.0, 0.0, 0.0, 0.0, 0.0, 0.0, 0.0, 0.0, 0.0, 0.0, 0.0, 0.0, 0.0, 0.0]}